{
  "version": 1,
  "author": "Anonymous maker",
  "editor": "wokwi",
  "parts": [
    { "type": "board-esp32-devkit-c-v4", "id": "esp", "top": 0, "left": 0, "attrs": {} },
    {
      "type": "wokwi-pushbutton",
      "id": "btn1",
      "top": 140.6,
      "left": 144,
      "attrs": { "color": "green", "xray": "1" }
    },
    {
      "type": "wokwi-pushbutton",
      "id": "btn2",
      "top": 198.2,
      "left": 144,
      "attrs": { "color": "red", "xray": "1" }
    },
    {
      "type": "wokwi-lcd1602",
      "id": "lcd1",
      "top": -60.8,
      "left": 236,
      "attrs": { "pins": "i2c" }
    },
    {
      "type": "wokwi-resistor",
      "id": "r1",
      "top": 91.2,
      "left": 153.05,
      "rotate": 90,
      "attrs": { "value": "1000" }
    },
    {
      "type": "wokwi-resistor",
      "id": "r2",
      "top": 91.2,
      "left": 143.45,
      "rotate": 90,
      "attrs": { "value": "1000" }
    }
  ],
  "connections": [
    [ "esp:TX", "$serialMonitor:RX", "", [] ],
    [ "esp:RX", "$serialMonitor:TX", "", [] ],
    [ "esp:3V3", "lcd1:VCC", "violet", [ "h4.99", "v-57.6" ] ],
    [ "esp:GND.2", "lcd1:GND", "black", [ "v0" ] ],
    [ "esp:22", "lcd1:SCL", "orange", [ "h33.64", "v-19.2" ] ],
    [ "esp:21", "lcd1:SDA", "gold", [ "h52.84", "v-86.4" ] ],
    [ "esp:4", "btn1:1.l", "green", [ "h14.44", "v9.6" ] ],
    [ "esp:2", "btn2:1.l", "green", [ "h14.44", "v48" ] ],
    [ "r2:2", "btn2:1.l", "blue", [ "h-48", "v75.6", "h19.2" ] ],
    [ "r1:2", "btn1:1.l", "blue", [ "h0", "v8.4", "h-38.4" ] ],
    [ "r2:1", "lcd1:VCC", "violet", [ "h0", "v-86.4" ] ],
    [ "r1:1", "lcd1:VCC", "violet", [ "h0", "v-86.4" ] ],
    [ "esp:GND.3", "btn1:2.r", "black", [ "h129.64", "v86.4" ] ],
    [ "esp:GND.3", "btn2:2.r", "black", [ "h129.64", "v144" ] ]
  ],
  "dependencies": {}
}